,app,num
0,Apache,292495
1,Nginx,254447
2,cloudflare,99849
3,Microsoft-IIS,66851
4,LiteSpeed,20671
5,OpenGSE,20067
6,openresty,18326
7,sucuri/cloudproxy,3899
8,amazons3,3215
9,Apache Traffic Server,3099
10,github.com,2976
11,,2928
12,Tengine,2029
13,Cowboy,1875
14,flywheel/4.1.0,1801
15,ideawebserver/0.83.148,1744
16,Microsoft HTTPAPI,1734
17,dps/1.4.17,1282
18,netlify,970
19,akamaighost,968
20,Google App Engine,814
21,openresty/1.11.2.4,778
22,ghs,662
23,kestrel,632
24,Google Servers,627
25,aruba-proxy,617
26,jino.ru/mod_pizza,601
27,lighttpd,589
28,openresty/1.13.6.2,551
29,gunicorn,455
30,varnish,420
31,eHTTP,387
32,www server/1.1,295
33,qrator,293
34,pws/8.3.2,289
35,pagely gateway/1.5.1,284
36,cdk-websites,282
37,server,277
38,zenedge,260
39,ngjit,252
40,Zope,239
41,bws,235
42,openresty/1.13.6.1,219
43,cloudfront,216
44,dcsaas/httpd,213
45,Jetty,205
46,o2switch powerboost,204
47,atyponws/7.1,170
48,arvancloud,169
49,Starlet,167
50,nxfps,162
51,iis,154
52,openresty/1.11.2.2,149
53,caddy,140
54,awselb/2.0,139
55,unknown,137
56,shield,137
57,webserver,136
58,Lotus Domino,134
59,gocache,128
60,pagely-ares/1.3.4,125
61,reblaze secure web gateway,122
62,none,117
63,magestack-magentoos,112
64,myracloud,110
65,IBM HTTP Server,110
66,sun-one-web-server/6.1,104
67,httpd,99
68,wts/1.2,98
69,squeegit/1.2.5 (3_sir),97
70,Oracle Application Server,91
71,ws-httpd,87
72,ssws,87
73,dosarrest,84
74,Resin,82
75,- web acceleration by http://www.unixy.net/varnish,81
76,openresty/1.11.2.1,80
77,ecacc (dcc/42a7),80
78,GlassFish,77
79,wsgiserver/0.1 python/2.6.1,75
80,kayak/1.0,75
81,netdna-cache/2.2,73
82,openresty/1.11.2.5,72
83,api-gateway/1.9.3.1,70
84,nwss,69
85,envoy,68
86,HTTP-Server,67
87,centos webpanel: protected by mod security,65
88,toofun/1.0.1,64
89,uploadserver,63
90,-,60
91,oracle-iplanet-web-server/7.0,58
92,web server,58
93,wisepanel web server,57
94,pagely-ares/1.3.11,57
95,beaver,57
96,now,56
97,esf,54
98,bigip,53
99,web,52
100,0,52
101,mopro web engine,52
102,ud webspace 3.0,52
103,2.0.0.2.2.4127606,51
104,nguardx,50
105,apptegy proxy,50
106,httpv2,49
107,TornadoServer,46
108,marco/2.6,46
109,thin,44
110,gwt,44
111,- web acceleration by mocha cache,42
112,awex,41
113,"kestrel, gs18",41
114,openresty/1.9.15.1,41
115,wildfly/10,40
116,jsp3/2.0.14,39
117,sffe,39
118,keycdn-engine,38
119,fasterize,38
120,nghttpx,38
121,perl dancer2 0.204000,38
122,variti/0.9.3a,37
123,radfaws,37
124,akka-http/10.0.0-100-netsuite-02,37
125,scutum,36
126,httpv2(13.12),36
127,footprint distributor v6.1.951.25,36
128,marrakesh 1.15.2,36
129,application-server,35
130,fbs,35
131,aasaam,35
132,pepyaka/1.13.10,34
133,web r,33
134,mi,33
135,zgs,32
136,dreamlab accelerator,32
137,cdn77-turbo,32
138,nws_sp,31
139,dnsme http redirection,31
140,airee/cloud,31
141,Flask,30
142,cm4all webserver,29
143,datadome,29
144,pws/8.3.1.0.8,29
145,protected by comodo waf,28
146,safedog waf,28
147,tomahawk ultra,27
148,omcnet webserver,27
149,zeus/4.3,27
150,imio,27
151,pagely-ares/1.3.10,26
152,virb <3's you!,26
153,skipper,26
154,openresty/1.11.2.3,26
155,greywizard-1.9,25
156,ia web server,25
157,waitress,24
158,powerboutique/2.2.3/10.0.0,24
159,cho,23
160,global webserver,23
161,singularcdn,23
162,googlealpha-1.9,23
163,waf/2.4-12.1,23
164,portfoliobox,22
165,pcx/no-cache,22
166,0w/0.8e,22
167,nws_tcloud_s1,21
168,micro_httpd,21
169,coreyecdn,20
170,webrick/1.3.1 (ruby/2.3.4/2017-03-30),20
171,ingaia sites,20
172,ecd (hhp/9abf),20
173,consultix webserver,20
174,dnionos/1.11.2.4_12,20
175,youtube frontend proxy,20
176,mastodon,20
177,360wzws,20
178,zeroserver,19
179,httpv2(13.9),19
180,wifeo,19
181,wpx cloud/sgpr01,19
182,grm - pd2015,19
183,noyb,19
184,by drsrv.com,18
185,web server 1.1,18
186,esky-edge,18
187,sopws,18
188,ecd (hhp/9abe),18
189,ecd (hhp/9acc),17
190,surgecdn/1.2.0,17
191,http/1.1,17
192,kindred-loadbalancer,17
193,odiso,17
194,firewall,17
195,jas bhv3,17
196,xxxxxxxxxxxxxxxxxx,17
197,pro-managed,17
198,unix-server,16
199,basiscore 1.0.1,16
200,wts/1.4,16
201,anaxa llc web server,16
202,elb,16
203,JBoss Application Server,16
204,yoncu bilisim cozumleri,16
205,protected by comodo waf mod_bwlimited/1.4,16
206,Cherokee,16
207,Warp,16
208,SAP,16
209,akamainetstorage,15
210,my web server,15
211,al_test,15
212,wts/1.1,15
213,wildfly/8,15
214,.,15
215,"web hosting by dot enterprise co.,ltd (http://www.de.co.th/)",15
216,lpgenerator.ru,15
217,webrick/1.3.1 (ruby/2.0.0/2015-12-16),14
218,bytex/1.14.0,14
219,http,14
220,loadbalancer,14
221,xxxxxxx,14
222,nodejs v6.10,14
223,funeralone-f1connect/2.0,14
224,suduserver,14
225,newcloud-v,14
226,haste,14
227,ecd (hhp/9adb),13
228,sun-java-system-web-server/7.0,13
229,*****************,13
230,pastewsgiserver/0.5 python/2.7.9,13
231,iitp server,13
232,mikrotik httpproxy,13
233,wt_11.13,13
234,openresty/1.9.7.4,13
235,scicube_limited,13
236,securitycore,13
237,wiziserver,13
238,if_waf,12
239,provided by server24.it,12
240,powered by acwebconnecting,12
241,opencms/9.5.2,12
242,n/a,12
243,"caddy, site123secure",12
244,roxen/6.1.244-r4,12
245,CherryPy,12
246,null,12
247,firewall/1.8.0,12
248,ngx_openresty,12
249,internet,12
250,openresty/1.9.7.3,12
251,visualsoft,12
252,eplica,12
253,myserver,12
254,wswaf/2.7.0-7.el6,12
255,wpthing/0.8.4,12
256,mojolicious (perl),11
257,pagely-ares/1.3.7,11
258,squiz,11
259,hyperfilter - hwp/2.0.0,11
260,nitro,11
261,www.ejuniper.com,11
262,opencms/9.0.1,11
263,inetweek server,11
264,zeus/4_3,11
265,netnames,11
266,fireshield,11
267,ck server,11
268,nunya,11
269,roxen,11
270,datapalm/3.5,11
271,imu,11
272,wildfly 8,10
273,blizhost-cloudcache,10
274,pagely-ares/1.3.6,10
275,carrot,10
276,openbsd httpd,10
277,icore proxy module,10
278,fly.io (918585c),10
279,vwebserver,10
280,binford/6100,10
281,ninja,10
282,ipl/2.2,10
283,thrive-05629b7e3ea12b804-ap-southeast-1,10
284,iii 100,10
285,w3pcloud,10
286,domain-redirector 2.0,10
287,varnish (hit),10
288,1,10
289,AOLserver,10
290,wildfly/11,10
291,increo ninja server,10
292,custom server,10
293,shop-application.com,9
294,carlossantana/1.9.4.7,9
295,sitew webserver 1.2.0,9
296,squid,9
297,(null),9
298,perl dancer 1.3202,9
299,sgw,9
300,cisco-ios,9
301,barista/3.3.6,9
302,luffy/0.1,9
303,ecs (dfw/27a1),9
304,destinet,9
305,thttpd,9
306,sparkred/1.0,9
307,bitrix24.sites,9
308,ecacc (hkc/bd5e),9
309,nws,9
310,*,8
311,Mongrel,8
312,tin-appserver,8
313,webseal/7.0.0.0 (build 121024),8
314,kisa,8
315,dustin lb,8
316,webrick/1.3.1 (ruby/2.2.4/2015-12-16),8
317,Hiawatha,8
318,custom,8
319,nws_tcloud_s2,8
320,optimal cdn,8
321,ecd (lga/1362),8
322,http server,8
323,piolink switch/1.5.0.0,8
324,thrive-04160deb5415ee153-ap-southeast-1,8
325,dimofinf hosting,8
326,ecd (hhp/9ae2),8
327,yxlinkwaf,8
328,ideawebserver/v0.80,8
329,spdcdn,8
330,rva,8
331,default,8
332,ecd (hhp/9ace),8
333,webkaos,8
334,kangle/3.5.11,8
335,na,8
336,******,8
337,h2o/2.2.5,8
338,zamba vccorp,8
339,exsitee,8
340,openresty/1.7.4.1,8
341,http2(15.2),8
342,wildfly/9,8
343,magnetpro,8
344,i-motor,8
345,thin 1.5.1 codename straight razor,8
346,secure entry server,8
347,openresty/1.9.3.2,8
348,pantheon,8
349,groupon,8
350,linqhost hpw,8
351,xservers,8
352,kangle/3.4.8,8
353,dweb,8
354,tsa_k,8
355,ngx_openresty/1.4.3.6,8
356,belugacdn/v2.43.0,8
357,nothing to see here - move along,7
358,universe,7
359,astrazeneca.com,7
360,vietnamhost,7
361,mapfre,7
362,coding pages,7
363,skynet,7
364,palo_alto_software,7
365,leadpages,7
366,kangle/3.5.8.2,7
367,toluna web services,7
368,' drop table server_types; --,7
369,ontraport,7
370,endouble,7
371,beon-x-fast,7
372,mutu-nerim,7
373,blogcu cloud server,7
374,prod-1.11.5-5,7
375,tallink,7
376,oracle-traffic-director/11.1.1.9,7
377,aliyunoss,7
378,web-2,7
379,kangle/3.5.14,7
380,thin 1.6.2 codename doc brown,7
381,hippo/appserv,7
382,internet information services,7
383,parallax,7
384,", ",7
385,ultradns client redirection server,7
386,dcb-w01 consisto,7
387,ecd (hhp/9ac7),7
388,xws,7
389,cloud-shield,7
390,zeropark-traffic,7
391,dhl,7
392,hidden,7
393,tsa_m,7
394,opencms/8.5.2,7
395,beaver2.0,7
396,fcr proxy,7
397,abfrl-server,6
398,ecd (hhp/9a8e),6
399,gh61,6
400,aws,6
401,netrix,6
402,powered by straightsell (http://straightsell.com.au),6
403,stephanie,6
404,24h.com.vn,6
405,managed by tw - gp,6
406,www.buildabazaar.com,6
407,idealoappserver,6
408,swb,6
409,winho-cdn,6
410,eluniversal web server 1.0,6
411,xxxxxxxxxxxxxxxxxxx,6
412,ecacc (hkc/bdb7),6
413,web server 1.0,6
414,*****,6
415,csw,6
416,please contact network administrator.,6
417,ecd (fcn/4086),6
418,ecd (toj/8998),6
419,1111,6
420,state of north dakota,6
421,betpawa,6
422,wisecart,6
423,transunion,6
424,carbase 1.0,6
425,evowebbase/2.0,6
426,anycast.io,6
427,jengined/1.7.2.1,6
428,proapps,6
429,webrick/1.3.1 (ruby/1.9.3/2014-11-13),6
430,openresty/1.9.3.1,6
431,bunnycdn-sg1-415,6
432,www,6
433,norauto int.,6
434,opencms/10.5.3,6
435,prx1 forum,6
436,kws,6
437,protected by comodo waf mod_fcgid/2.3.9,6
438,webmercs/arr2,6
439,clara-asap,6
440,e-pixler hosting gmbh,6
441,Boa,6
442,lhc,6
443,eos,5
444,tomcat,5
445,ece6-7,5
446,ece6-3,5
447,haproxy,5
448,cvg,5
449,kcdn,5
450,doubleknot,5
451,saashr,5
452,nws_spmid,5
453,custom webserver,5
454,opencms/7.5.3,5
455,ecs (hhp/9ab4),5
456,myshop,5
457,proxypipe,5
458,dws,5
459,ecacc (hkc/bd87),5
460,hello world!,5
461,altavoz web server,5
462,ece6-4,5
463,wallstreetcn nginy,5
464,triancdn/n-ap-tpe1,5
465,ecacc (hkc/bd6c),5
466,vccloud cdn,5
467,bekkerhttpd,5
468,webscale,5
469,"caddy, entersystemsecure",5
470,redirector - netregistry pty ltd,5
471,openresty/1.7.2.1,5
472,template51,5
473,supplyframe sre server,5
474,rds-webserver v2,5
475,web/server/14,5
476,"caddy, caddy",5
477,wmt,5
478,secured gateway,5
479,jdr/1.0,5
480,ecd (hhp/9aac),5
481,adeows/0.5,5
482,ecacc (hkc/bd7d),5
483,serverhttp,5
484,ecd (hhp/9aea),5
485,mkcl webserver,5
486,bordermara,5
487,esweb,5
488,careerbuilder server,5
489,cdnfly,5
490,ecs (hhp/9aa5),5
491,vpz,5
492,cxlws,5
493,MochiWeb,5
494,trademotion,5
495,ws,5
496,bws/1.0,5
497,taleo web server 8,5
498,misrag,5
499,ecs (hhp/9ab0),5
500,nhn,5
501,ecs (dca/2493),5
502,drmp web server,5
503,nws_ocmid_hy,5
504,roxen/6.1.246-r5,5
505,ecacc (hkc/bd11),4
506,httpd web server,4
507,scaprcms07,4
508,h2,4
509,ece6-8,4
510,microsotf-iis 8.0,4
511,gerenciado por storehosting.com.br,4
512,squid/2.6.stable23,4
513,rocket,4
514,flex,4
515,lovecrafts,4
516,jedi knight webserver,4
517,4d/16.0.3,4
518,pac 2.0.00,4
519,"""zeus/4.3""",4
520,unspecified,4
521,scana corporation,4
522,gogogadgeto-server,4
523,worldshield,4
524,vie portal ng,4
525,ecacc (hkc/bd7c),4
526,w3/0.3.2 e399b1d7,4
527,communigatepro/6.2.8b,4
528,private server,4
529,app server,4
530,cl-http/70.217 (lispworks; 2.1.7),4
531,ecs (dca/249f),4
532,play! framework;1.4.4;prod,4
533,my httpd server,4
534,digitalproserver pw54v cl,4
535,sepehr-proxy-1.2-rc3,4
536,cloudflare mod_fcgid/2.3.6 mod_antiloris/0.4,4
537,openresty/1.7.10.2,4
538,v/6.1.0-51161/6.0.0/v7sin1-www,4
539,webrick/1.4.2 (ruby/2.5.1/2018-03-29),4
540,qws,4
541,webrick/1.3.1 (ruby/2.2.6/2016-11-15),4
542,glaucorm2,4
543,naviserver/4.99.15,4
544,mine,4
545,mobile sales suite,4
546,sws,4
547,secret,4
548,hello from server!,4
549,jedi business. go back to your drinks.,4
550,fantasticwebserver,4
551,ebay server,4
552,gmzlg,4
553,sentinel crsf,4
554,viator secure web server 1.0,4
555,ecs (hhp/9a97),4
556,abyss/2.11.8-x2-win32 abysslib/2.11.8,4
557,blockdos.net,4
558,vwebserver/6.0.0,4
559,quarxconnect.de httpd,4
560,pumo network,4
561,pca,4
562,optic - webserver,4
563,wrl-cloud-hosting,4
564,ecs (hhp/9ab8),4
565,indiaweb/10.1.10,4
566,marrakesh 1.14.3,4
567,ssl-api-gateway/1.0,4
568,interlatin,4
569,opencms/10.5.2,4
570,hws,4
571,wts/1.3,4
572,h2o/2.2.2,4
573,ecacc (hkc/bd55),4
574,safe3 web firewall,4
575,webrick/1.3.1 (ruby/2.3.0/2015-12-25),4
576,microsfot-iis/1.10.2,4
577,webserver 1,4
578,pws,4
579,xo.webservant,4
580,fooserver,4
581,ny1,4
582,ss,4
583,marrakesh 1.12.2,4
584,Indy,4
585,douran web server 12,4
586,intsig web server,4
587,eqmod_httpd v1.0 (author: mon sarmiento),4
588,ecacc (saa/834e),4
589,ha113,4
590,c-007-1,4
591,blb/,4
592,proxy custome build,4
593,vdc,4
594,ecs (hhp/9abd),4
595,ourlounge,4
596,digitalproserver pw1 cl,4
597,play! framework;1.4.2;prod,4
598,lqg,4
599,aix,4
600,ecd (dfw/56eb),4
601,tr-privatecloud/4.5,4
602,"""""",4
603,this is an web server,4
604,benq b2c web server bx,4
605,lighty,4
606,web_server,4
607,unknow,4
608,ecd (hhz/1395),4
609,domecloud/1.9.11,4
610,webrock,4
611,bay-ws,4
612,TwistedWeb,4
613,secure web server,4
614,fotuto,3
615,hi,3
616,centralapp/vela/1.0.0.0,3
617,prd frontend,3
618,ecs (hhp/9a92),3
619,ecd (hhp/9a8d),3
620,primenets/1.0,3
621,fastcache/13,3
622,_waflopenresty/1.11.2.2,3
623,idn server system,3
624,ecs (dca/2486),3
625,ebuynow,3
626,trd-engine,3
627,pagely-ares/1.3.9,3
628,ecacc (hkc/bdb0),3
629,nlappsrvr,3
630,yaws,3
631,nhat nguyet websphere 12.3 build 3.456.234.2600,3
632,webtob,3
633,cv,3
634,mw1267.eqiad.wmnet,3
635,raidenhttpd/2.0.44 (commercial),3
636,tt-ws,3
637,payara server  4.1.2.174 #badassfish,3
638,bean,3
639,jdws/1.0.0,3
640,box of bolts,3
641,opencms/11.0.0_ms_ebk_20181015,3
642,webserver.yanj,3
643,ecacc (hkc/bd79),3
644,ws-web-server,3
645,netscape-enterprise/6.0,3
646,ecs (hhp/9aab),3
647,tui web,3
648,opencms/9.5.3,3
649,netscape-iplanet,3
650,msx turbo r (r900) web server 1.13,3
651,vodacom,3
652,ecacc (saa/83c2),3
653,app-webs/,3
654,kpn,3
655,home.barclays,3
656,***********,3
657,secureserver,3
658,carbonmade/3.12,3
659,soro,3
660,ecacc (hkc/bd9e),3
661,rku.it gmbh,3
662,aspa-waf-2.1.5.1438,3
663,int/cache,3
664,tsw/1.2.3-alpha,3
665,kangle/3.5.6,3
666,mini_httpd,3
667,secretserver,3
668,zhuhai/3.5.26 (unix) openssl/1.0.2k,3
669,farm1,3
670,mws/2.12.1,3
671,hello,3
672,cern httpd,3
673,Monkey HTTP Server,3
674,ecd (hhp/9ada),3
675,mvcr,3
676,wsgiserver/0.2 cpython/3.5.2,3
677,the charles nyc n1,3
678,(wp),3
679,ecd (laz/a496),3
680,difference engine,3
681,gcms,3
682,comarch platform,3
683,dvs.engine.145/20170220,3
684,payara server  4.1.2.173 #badassfish,3
685,mife/3.0,3
686,roxen/5.4.94-r3,3
687,play! framework;1.2.7;prod,3
688,varnish (miss),3
689,redacted,3
690,radnet kernel 2.1,3
691,linux,3
692,secured by fs4host.com,3
693,h2o/2.3.0-beta1,3
694,armin/server-v1.0,3
695,ser,3
696,x,3
697,slardar/1.1,3
698,microsoft,3
699,nothing,3
700,a web server,3
701,tfe,3
702,metro ag,3
703,wonderhowto,3
704,ecd (lcy/1d13),3
705,ecacc (hkc/bdd0),3
706,nacho web server,3
707,aj bell,3
708,bitballoon,3
709,omcnet-webserver,3
710,tuhund server,3
711,web server x,3
712,trx,3
713,cpa server,3
714,everscale cloud balancer,3
715,vencaweb,3
716,urbanpiper-ether,3
717,thin 1.6.1 codename death proof,3
718,rackcorp/3.1,3
719,a,3
720,generic 2000,3
721,hanbiro server centre(powered by netbsd),3
722,ipl/2.x,3
723,os x 10.15.5 el agricultor,3
724,server 1.0,3
725,notavailable,3
726,goiserver,3
727,big server,3
728,your own server message,3
729,dsf,3
730,193.12,3
731,bytex/1.9.10,3
732,ne webserver,3
733,smq,3
734,opencms/10.5.4,3
735,webrick/1.3.1 (ruby/2.2.1/2015-02-26),3
736,phenom,3
737,ecd (hhp/9ad3),3
738,bunnycdn-sg1-360,3
739,ede cloud,3
740,cirrus cdn,3
741,ix online motoring,3
742,grid/loopsecure,3
743,vinahost,3
744,"my httpd server, na",3
745,upresspoweredge,3
746,thrive-08a0b5231393c5fcb-ap-southeast-1,3
747,heimerdinger,3
748,appdrag webfront,3
749,quaggans,3
750,vzw,3
751,server03,3
752,swm webserver,3
753,ecacc (hkc/bd2b),3
754,pennsylvania,3
755,undefined,3
756,c-008-1,3
757,hgnv,3
758,mthyz,3
759,v/6.1.0-51161/6.0.0/v1hkg1-www,3
760,hello world,3
761,hfserver-ostef/2.0,3
762,oscar platform 201802052158-272,3
763,kangle/3.5.5.6,3
764,mystery machine,3
765,retif,3
766,ecacc (hkc/bd63),3
767,atlassian proxy/1.13.6.2,3
768,userver,3
769,xxxxxx,3
770,mediacdn,3
771,ecd (atl/5d7c),3
772,tesco web server,3
773,zebuserver,3
774,template243,3
775,squid/3.5.12,3
776,irontec,3
777,momo,3
778,nikee2,3
779,undisclosed,3
780,webservices,3
781,opencms/7.5.2,3
782,webrick/1.3.1 (ruby/2.1.5/2014-11-13),3
783,pirate/5.1,3
784,refine,3
785,ecs (dca/5327),3
786,cisw,3
787,ecacc (hkc/bdd9),3
788,its/42.0,3
789,webrick/1.3.1 (ruby/2.2.5/2016-04-26),3
790,edgeprism/4.6.0.0,3
791,100hub.com,3
792,august chat system,3
793,fly.io/0.1.1,3
794,ecacc (hkc/bdda),3
795,nfront,3
796,bytex/1.12.1,3
797,bytex/1.12.2,3
798,iis7,3
799,kangle/3.5.10.1,3
800,openresty/1.9.7.2,3
801,webrick/1.3.1 (ruby/2.2.3/2015-08-18),3
802,web1,3
803,thin 1.3.1 codename triple espresso,3
804,ecacc (hkc/bdd8),3
805,km galileo @ mdc-webiis05,3
806,microsoft iis,3
807,websdr/20140718.1716-64,3
808,dom cdn,3
809,jeus webcontainer/jeus 5.0 (fix #27),3
810,meuhost.,3
811,unicorn,3
812,nghttpx nghttp2/1.19.0,3
813,nws_oversea_ap,3
814,varnish miss,3
815,voracio/platform,3
816,sparkol web server,3
817,aerobiletf103,3
818,stp/2.0,3
819,flagged,3
820,kangle/3.5.13.2,3
821,annyung,3
822,dms/1.0.42,3
823,yserver,3
824,servaxnet llc - advanced services,3
825,netscaler,3
826,ltmp/2.0,3
827,2,3
828,nghttpx nghttp2/1.10.0,3
829,oracle xml db/oracle database,3
830,jpserver/1.4.4,3
831,cern httpd 3.0a,3
832,wp optimize by xtraffic/5.1.6,3
833,phonemore.com corp.,3
834,asmp-aaa-proxy/1.1,3
835,styx,3
836,default-server,3
837,h2o (debian),3
838,hulbeewebserver/1.13.6.1,3
839,digitalproserver solo cms pw81vcl-fl269,3
840,hello grant grant,3
841,win007/2.1.2,2
842,none of your business!,2
843,netdirekt lb,2
844,infotip-server-web04/1.0,2
845,plantuml/0.6,2
846,userv/3.2.2,2
847,idi-httpd,2
848,openresty/1.7.7.1,2
849,qserver,2
850,comsenz/0.0.0,2
851,kosweb/1.1,2
852,xxxxxxxx mod_antiloris/0.4,2
853,ecs (oxr/83b7),2
854,wabadoo 10.4/balx9,2
855,ece6-2,2
856,webrick/1.3.1 (ruby/1.9.2/2014-01-23),2
857,?,2
858,marklogic,2
859,cloudhttpd-api v1.1,2
860,drunkenelefant/1.7,2
861,esx,2
862,sopws mod_bwlimited/1.4,2
863,BaseHTTP,2
864,webbox,2
865,moringa,2
866,mf1,2
867,roast.io: us-west-2,2
868,ecacc (hkc/bd56),2
869,webserver wlw,2
870,nirs,2
871,telking,2
872,- web acceleration by varnish,2
873,ecs (dfw/278c),2
874,vesemir of kaer morhen - 1,2
875,webotx_web_server,2
876,ofe,2
877,ndns,2
878,beast,2
879,nada,2
880,google cloud platform,2
881,ironplanet/4.0.55,2
882,generic,2
883,inter@cemi,2
884,avn,2
885,servidor web 1.0,2
886,abreu site frontend,2
887,sap j2ee engine/7.01,2
888,archive-host,2
889,opencms/10.0.0,2
890,skye 2.0,2
891,bw http server,2
892,ecacc (hkc/bd59),2
893,vyom,2
894,ch,2
895,ygg webserver,2
896,quizzclub_server,2
897,freeoshttp,2
898,dsa/1.0.0,2
899,webrick/1.3.1 (ruby/2.0.0/2015-04-13),2
900,xxxxx,2
901,schoolcloudsystems,2
902,hayoolaserve,2
903,ecs (sjc/4e28),2
904,ecs (hhp/9ad9),2
905,serveur alliance informatique des centres de gestion,2
906,foo/1.0,2
907,siin server,2
908,ecs (dca/24f9),2
909,hotelplanner.com,2
910,netius/1.16.43,2
911,************,2
912,fh_server,2
913,intares-hacl,2
914,roxen/5.4.101-r3,2
915,websphere application server/6.1,2
916,mhrs9,2
917,co-op,2
918,cat factory 1.0,2
919,cws/1.0.0,2
920,pastewsgiserver/0.5 python/2.7.12,2
921,reichelt webservice,2
922,mod_security 2.5.9 enabled,2
923,webhare application portal v3.10.19 webserver,2
924,qtws,2
925,ecacc (hkc/bd40),2
926,convesio,2
927,kigo,2
928,dae,2
929,hb proxy01,2
930,tsa,2
931,webrick/1.3.1 (ruby/2.0.0/2014-09-19),2
932,secured,2
933,uvicorn,2
934,unknown web server,2
935,greenchu,2
936,ecs (hhp/9ac3),2
937,security filter running in this server,2
938,tableau,2
939,monexboom,2
940,wedge,2
941,groupe ldlc,2
942,mtgxh,2
943,ipoac,2
944,iteris/1.0,2
945,kangle/sakura,2
946,vodafone.pt,2
947,paranoid,2
948,redir-httpd,2
949,netinternet,2
950,tda,2
951,ecacc (hkc/bd25),2
952,cdnspeed,2
953,kangle/3.5.8,2
954,cache.opcja.pl,2
955,xxxxxxxx,2
956,pepiwebn001,2
957,flp web,2
958,sonicwall,2
959,jcb,2
960,microsoft iis 600.00 1110,2
961,Snap,2
962,ecd (hhp/9ad5),2
963,z,2
964,uk,2
965,urmom runs perl yo,2
966,cfs 0215,2
967,cache02,2
968,protected by tqnia it mod_bwlimited/1.4,2
969,together cloud,2
970,wrp101,2
971,knotia-tech,2
972,sustainability victoria web server,2
973,meinheld/0.6.1,2
974,ncol,2
975,meuhost,2
976,ttserver,2
977,ecd (hhp/9ad4),2
978,u-next,2
979,aliantic/2.1,2
980,infoclimat/3.18,2
981,rmbhjms,2
982,durable,2
983,ecs (dfw/279d),2
984,kws/2.1.15_1,2
985,webcelerate,2
986,filesolutions,2
987,jumeirah security servers,2
988,dnspod url v2.0,2
989,follow the white rabbit.,2
990,mf2,2
991,livemaster server,2
992,house365/3.6.5,2
993,ecacc (saa/82a6),2
994,dpweb,2
995,ecs (hhp/9aa3),2
996,snooserv,2
997,HTTP Kit,2
998,am/2,2
999,metro,2
1000,strategi httpd v2r5m1,2
1001,cws/3.3,2
1002,va_system,2
1003,hunchentoot 1.2.38,2
1004,mono-httpapi/1.0,2
1005,power mac g4 cube,2
1006,moodle,2
1007,noal.org.il,2
1008,cctv_webserver,2
1009,ecd (dca/53d7),2
1010,schuh server,2
1011,[ds]: web core,2
1012,darwin,2
1013,instituto metodista de ensino superior,2
1014,ecs (dfw/27fd),2
1015,monobank,2
1016,ugc,2
1017,srvpsfa13,2
1018,mszs2,2
1019,loudclear web server 1.0,2
1020,vitalityserver/2.0,2
1021,myfritz!/4.2 (avm) cloud-sso/4.3.2,2
1022,juanniux/15.12.29,2
1023,vetorial.net,2
1024,365gcd,2
1025,uol web server,2
1026,knstat/2.1.1,2
1027,tarena,2
1028,overdrive,2
1029,pen pen/1.9.15,2
1030,my_server,2
1031,x-speed 3.0,2
1032,lasso/8,2
1033,"caddy, pastewsgiserver/0.5 python/3.5.5",2
1034,unknownx,2
1035,ecacc (saa/83e5),2
1036,sarenet webserver,2
1037,hello world!!!,2
1038,usaa-honesty,2
1039,http_server,2
1040,miginiz,2
1041,www.lexisnexis.com  1410,2
1042,symbian s60 5th edition mod_fcgid/2.3.9,2
1043,tibus hosting,2
1044,"cloudfront, kitsune 2.0",2
1045,honeywell,2
1046,altair smart core,2
1047,fcr media,2
1048,webrick/1.4.2 (ruby/2.5.0/2017-12-25),2
1049,ecacc (hkc/bdae),2
1050,turk elektronik para a.s.,2
1051,raidenhttpd/2.0.42 (commercial),2
1052,f5,2
1053,http server 1.0,2
1054,nagix,2
1055,ecd (pox/a5b7),2
1056,ecacc (hkc/bd44),2
1057,webrick/1.3.1 (ruby/2.1.2/2014-05-08),2
1058,nxweb/3.3.0-dev,2
1059,litb-webserver,2
1060,teamie,2
1061,ecstatic-3.2.0,2
1062,nws_qcloud_oversea_static_mid,2
1063,server of stability +5,2
1064,sansun calakci,2
1065,webrick/1.3.1 (ruby/2.2.2/2015-04-13),2
1066,ecs (hhp/9aa1),2
1067,fws,2
1068,reshift digital,2
1069,bizmac.cloud server,2
1070,web server - vojska srbije,2
1071,ecacc (saa/836e),2
1072,iis web server,2
1073,cloudrambo,2
1074,ecd (dca/53e3),2
1075,ecs (sjc/4f91),2
1076,engine x,2
1077,ecd (spb/e54f),2
1078,next-gen,2
1079,dz-http,2
1080,weyes-web,2
1081,ustream/web,2
1082,tizra,2
1083,tips are accepted,2
1084,wooyaserver,2
1085,dt-54,2
1086,callr,2
1087,ecacc (hkc/bda9),2
1088,www.rb.cz,2
1089,v/6.1.0-51161/6.0.0/v5sin1-www,2
1090,bsf online services,2
1091,blue-sky web server,2
1092,tbs internet waf,2
1093,sdn/1.0,2
1094,wedeploy/hosting,2
1095,apip,2
1096,dolce & gabbana/1.0.0,2
1097,schnapps,2
1098,x-web,2
1099,khttpd,2
1100,**********************,2
1101,ubg http server 2.2,2
1102,iptox gmbh hpc5/2.1,2
1103,lb1.dabbleam.com,2
1104,server110 lnamp/1.6.2,2
1105,ikano bank (publ),2
1106,roiback-ha-server,2
1107,xxxxxxxxxxxxxxxxxxxxx),2
1108,wsgiserver/0.1 python/2.7.12,2
1109,rcmp,2
1110,payara server  4.1.1.163 #badassfish,2
1111,aspencore server,2
1112,wmaker/prod,2
1113,payumoney,2
1114,gupshup-webserver,2
1115,minion/1.0,2
1116,rws,2
1117,hualv fes,2
1118,plipplop,2
1119,clickky,2
1120,ges webserver,2
1121,jeus webcontainer/4.2.4.8,2
1122,safe3waf/2.3.5,2
1123,ben_kenobi mod_fcgid/2.3.9 php/5.4.16,2
1124,httpserver,2
1125,websphere application server/7.0,2
1126,h2o/2.2.3,2
1127,h2o/2.2.4,2
1128,no probing,2
1129,podbean content distribution network,2
1130,fodwww,2
1131,ls/1.4,2
1132,ecs (hhp/9a89),2
1133,nimbu.io,2
1134,g2 server,2
1135,ovit 33d5d10,2
1136,fasthttp,2
1137,web server software,2
1138,httpd/1.0.0,2
1139,appache,2
1140,westlotto,2
1141,trs-80,2
1142,ecd (hhp/9acd),2
1143,duo/1.0,2
1144,ncore/1.1,2
1145,cpasws,2
1146,zx2c4 web server,2
1147,greycdn-tengin,2
1148,wt_11.12,2
1149,triptych,2
1150,b4f,2
1151,glaucome2,2
1152,us-www1.ssl7.net,2
1153,blueiris-http/1.1,2
1154,removed,2
1155,innova,2
1156,lws1.1,2
1157,"sap_acz, sap_acz",2
1158,desaphp server,2
1159,gatejs,2
1160,iws,2
1161,ipragaz as.,2
1162,openresty/1.5.12.1,2
1163,mynet,2
1164,tuifly.com webservice,2
1165,bse ltd,2
1166,webserver 3,2
1167,sdx web server,2
1168,nastooh/1.1,2
1169,ecacc (lhb/63a1),2
1170,cloud elb 1.0.0,2
1171,lighty [cbcdn s11],2
1172,camembertserver 10.6.6,2
1173,insite,2
1174,prometheus,2
1175,ibweb203,2
1176,ecs (dca/53db),2
1177,snp proxy 2.0.1a,2
1178,the-server,2
1179,ecacc (hkc/bd14),2
1180,vilaweb,2
1181,v/6.1.0-51161/6.0.0/v4sin1-www,2
1182,hcm,2
1183,web r105,2
1184,concealed by f5 bigip,2
1185,ecs (oxr/83c5),2
1186,adv-httpd,2
1187,jio,2
1188,bura web server,2
1189,no name,2
1190,servaxnet - advanced web services,2
1191,ewa cdn,2
1192,sb,2
1193,opencms/7.5.4,2
1194,bb3 bcube,2
1195,parsonline,2
1196,vanguard server,2
1197,kong/0.12.0,2
1198,thin 1.5.0 codename knife,2
1199,s8,2
1200,ecs (dca/24c1),2
1201,opencms/9.5.0,2
1202,nursing,2
1203,uniqa,2
1204,showrand,2
1205,oos,2
1206,m-w,2
1207,ispot,2
1208,msg,2
1209,caravanwebserver,2
1210,edistrict webserver,2
1211,wsgiserver/0.1 python/2.7.9,2
1212,masterws,2
1213,bq,2
1214,boc,2
1215,0w/0.8d,2
1216,saigonpixelserver,2
1217,liteweb server,2
1218,ecacc (sgc/c975),2
1219,rz,2
1220,cray-1,2
1221,just a server!!!,2
1222,ecs (dca/246e),2
1223,dl-b2,2
1224,digitalproserver cdn power03 us,2
1225,follow-webserver mod_fcgid/2.3.8-dev,2
1226,ecacc (hkc/bd37),2
1227,nproxy,2
1228,skistar.com,2
1229,opencms/8.0.3,2
1230,muabannhanh,2
1231,pagely-ares/1.3.13,2
1232,ecs (hhp/9ab2),2
1233,ecs (sjc/4e27),2
1234,adf_http_server/4.3.0205,2
1235,poudreverte/6.28,2
1236,web-101,2
1237,waf,2
1238,gabia server,2
1239,openresty/1.9.7.5,2
1240,awlb,2
1241,openresty/1.9.7.1,2
1242,mediawill networks. inc,2
1243,lapis,2
1244,lianjia,2
1245,fastmirror/2017-07-14_1.12.1.0,2
1246,webrick/1.3.1 (ruby/2.1.8/2015-12-16),2
1247,web3,2
1248,communigatepro/6.0.11,2
1249,rondtarin,2
1250,usil httpd,2
1251,km galileo @ mdc-webiis04,2
1252,supreme web,2
1253,cpws,2
1254,linux centos6,2
1255,opencms/10.5.1.1_ms_funke_56,2
1256,gomenyan,2
1257,****************,2
1258,websvr,2
1259,uea app server,2
1260,"caddy, mastodon",2
1261,mypanel,2
1262,city of scottsdale,2
1263,_lzx_,2
1264,ecs (oxr/830d),2
1265,ecs (dfw/27fe),2
1266,v/6.1.0-51161/6.0.0/v13fra1-www,2
1267,roxen/6.1.226-r3,2
1268,changed,2
1269,webser/3.5.4 debian openssl/1.0.0-fips,2
1270,cloudwall,2
1271,"hello, this is web server",2
1272,sysdsi/6.6.6,2
1273,microseven,2
1274,cheetah/1.9,2
1275,squid/3.1.23,2
1276,wso2 carbon server,2
1277,ibm http server 8.5,2
1278,infermedica,2
1279,tibus,2
1280,opencms/10.0.1,2
1281,ww,2
1282,digitalproserver cl-v62,2
1283,digitalproserver cl-v60,2
1284,tqserver,2
1285,ecacc (lha/8dd0),2
1286,01,2
1287,ecd (sjc/4ee7),2
1288,my-server,2
1289,kangle/3.2.8,2
1290,iis server,2
1291,ngx-flair,2
1292,ecs (dca/2499),2
1293,kirchenws_6.1.2,2
1294,spectre 0.2,2
1295,powered by reed business,2
1296,ecs (dca/24d5),2
1297,ecacc (hkc/bdca),2
1298,mgame_server,2
1299,tnpds server,2
1300,molly and john,2
1301,pluspowered,2
1302,digitalproserver 52 cl-v52,2
1303,muscope/2.9.7,2
1304,zee5-webserver-1,2
1305,squid/3.5.24,2
1306,squid/3.5.21,2
1307,servaxnet llc - web services,2
1308,opencms/9.5.1_rehadat_02,2
1309,www.cosmote.gr,2
1310,gcms rp 0.9,2
1311,xxxxxxxxxxxxxxxxxxxxxxxxxxxxxxxxxxxxxxxxxxxxxxxxxxxxxxxxxxxxxxxxxxxxxxxxxxxxxxxxxxxxxx,2
1312,huaweicloudwaf,2
1313,ecacc (hkc/bd0e),2
1314,adwise,2
1315,jagermeister,2
1316,artaserver,2
1317,anywhere-vision,2
1318,daubk,2
1319,ecd (lga/13d9),2
1320,rusengine,2
1321,ravian,2
1322,stackblitz,2
1323,webrick/1.3.1 (ruby/2.3.1/2016-04-26),2
1324,u ba` ba`nh build 1.1.5,2
1325,ecs (dca/24d1),2
1326,hotcores,2
1327,wcsflare/2.0.14,2
1328,yaws 1.90,2
1329,bw/1.1,2
1330,ecs (hhp/9a86),2
1331,fiatpress2,2
1332,86f0 kucci,2
1333,smarthouse lightspeed 4,2
1334,echelon,2
1335,pcx/cache,2
1336,unix,2
1337,guess which,2
1338,vellanceblast,2
1339,roxen/6.1.246-r2,2
1340,bfe/1.0.8.18,2
1341,paweb,2
1342,designinc,2
1343,uewaf/2.0.10.1,2
1344,secured by eweb4host.com.eg,2
1345,opencms/8.5.1,2
1346,aserver/1.8.0-3,2
1347,mws,2
1348,movieextras,2
1349,angrydog,2
1350,solwayscuba,2
1351,steel and mines,1
1352,ecacc (hkc/bd1d),1
1353,gmn/redport,1
1354,medpass-ws02,1
1355,unset,1
1356,cpsistem/4.0 mod_fcgid/2.3.9 mod_perl/2.0.8 perl/v5.8.8,1
1357,deutsche sporthochschule koeln,1
1358,ttas/6.2.4,1
1359,webrick/1.3.1 (ruby/1.8.7/2013-06-27),1
1360,bsws/2.1,1
1361,properties4sale,1
1362,melexis,1
1363,otdls2277,1
1364,otdls2276,1
1365,alpes one service,1
1366,dereferer.me,1
1367,webseal/6.1.1.8 (build 130927),1
1368,heaveniphone.com,1
1369,tvplayer,1
1370,kangle/3.5.12.20,1
1371,cteng,1
1372,boeweb/2.0.0,1
1373,officedepotwebserver,1
1374,merus magic,1
1375,kebab enterprise server 3.7,1
1376,wenjoys/1.2.3,1
1377,play! framework;1.3.1;prod,1
1378,proxy+ 3.00,1
1379,“”,1
1380,"teddy, it took me d=47185 microseconds to serve you this request.",1
1381,varnish44,1
1382,lllul-wwwpl12 81,1
1383,yorumbudur.com servers,1
1384,microsoft iis/9.0,1
1385,cv. ids | kejarid,1
1386,nexgate,1
1387,nhp,1
1388,penny,1
1389,express/4.15.3 vue-server-renderer/2.4.2,1
1390,int,1
1391,ecacc (saa/837d),1
1392,cernercentral_home1,1
1393,mohammad-luqman-server,1
1394,ecacc (hkc/bd8d),1
1395,healthx/healthx/release18oct-12-c270ca7f3 6,1
1396,va1,1
1397,mw1262.eqiad.wmnet,1
1398,pingodoce,1
1399,fi.ai,1
1400,microsoft iis 8.0,1
1401,nbg microsites,1
1402,yoobi (e-dynamics b.v.),1
1403,rapidbaz live/0.0.7,1
1404,cqvip lib cache server,1
1405,web_server_4d/3.1.1/001850/macintosh,1
1406,zeus,1
1407,hosted by hostdl.com,1
1408,cf-rp,1
1409,"caddy, www",1
1410,milchschaum 1.3,1
1411,openresty/1.7.7.2,1
1412,www.imyfone.com,1
1413,mwave,1
1414,moneytips,1
1415,hr,1
1416,ngnix,1
1417,f5aas,1
1418,uca.edu,1
1419,jeus webcontainer/jeus 5.0 (fix #22),1
1420,www.smsu.edu ;),1
1421,preisdeweb,1
1422,1mg-server,1
1423,ecd (fcn/40e0),1
1424,erasmus mc - rotterdam,1
1425,spg / www.idsmanager.com,1
1426,sportsmans,1
1427,b-007-1,1
1428,oracle-traffic-director/12.2.1.2.0,1
1429,agmb web server 1.0,1
1430,"caddy, web server",1
1431,petcowebserver,1
1432,httpd daemon,1
1433,gr-httpd server/2.10,1
1434,xmail.net,1
1435,autostrade,1
1436,xxxxxxxxxxxxx,1
1437,commchest server,1
1438,ecs (sjc/4e38),1
1439,ksidc,1
1440,webfronts clustering web server,1
1441,pu,1
1442,insa portal,1
1443,ece6-6,1
1444,ece6-5,1
1445,webrick/1.3.1 (ruby/2.0.0/2014-11-13),1
1446,david.co,1
1447,iss-c64-edition,1
1448,heptu web server,1
1449,host,1
1450,jrun web server,1
1451,swr webservice,1
1452,gruposura,1
1453,linktrails,1
1454,iv web server,1
1455,mw1264.eqiad.wmnet,1
1456,csm-tools-144,1
1457,nasturcjan 1.5,1
1458,dinheirovivo,1
1459,mfcu,1
1460,hmws/2.0.4,1
1461,sew household,1
1462,jeeves,1
1463,109809809809,1
1464,fenesoft web server,1
1465,ecs (pox/a5a5),1
1466,iris/99,1
1467,dogsnow,1
1468,wsgiserver/0.2 cpython/3.5.4,1
1469,pt. strategi inisiatif media | sportku.com,1
1470,qws/1.14.0,1
1471,boxerengine,1
1472,webserver trec,1
1473,for the curious in life is also workat.getcloudcherry.com,1
1474,gospicers.ca,1
1475,webseal/6.1.1.2 (build 110418),1
1476,wakanda/1.1.0 (linux-x64),1
1477,billin server,1
1478,weaveability web server,1
1479,ecd (oxr/8372),1
1480,pragyaware,1
1481,thecheat corporation,1
1482,ecs (hhp/9ac1),1
1483,x-ada/1.0.23,1
1484,pchome www daemon,1
1485,leasewebcdn/5.4.2,1
1486,i3 digital ltd.,1
1487,kali,1
1488,unicorns,1
1489,homeppl.com,1
1490,mw1250.eqiad.wmnet,1
1491,corporateaffiliations.com,1
1492,“redfish”,1
1493,bsrapture,1
1494,prism,1
1495,squid/2.6.stable21,1
1496,tapzo,1
1497,pjnserver,1
1498,triss merigold - 2,1
1499,digitalproserver power0 us,1
1500,v/6.1.0-51161/6.0.0/v6sin1-www,1
1501,coldstorage_server,1
1502,tcg,1
1503,torc web server,1
1504,wigsbuy-ny-1,1
1505,mfu,1
1506,tnws,1
1507,193.131,1
1508,servelws,1
1509,fashionpost.pl,1
1510,mankin-trad.net,1
1511,nashalife server,1
1512,auctollo.net,1
1513,quicklaunchv4 idp server,1
1514,ip-10-1-2-36,1
1515,bkdkaltim,1
1516,virtuous reviews web server,1
1517,nikee1,1
1518,gff/2.0,1
1519,ecacc (hkc/bda1),1
1520,www.imyfone.de,1
1521,ecs (dca/532c),1
1522,ahbv_http_server_by_iaksit,1
1523,off,1
1524,inbox.lt,1
1525,inbox.lv,1
1526,spacelink,1
1527,ftse russell webserver,1
1528,mangabox/20131204,1
1529,opencms/10.5.4.ustutt.5,1
1530,stream market web-server,1
1531,webrick/1.3.1 (ruby/2.3.5/2017-09-14),1
1532,palss 5.0.00 vu1-sgp,1
1533,not-allowed,1
1534,proxy pandeiro uol,1
1535,bidware,1
1536,dantri-rl-86,1
1537,messagexchange,1
1538,ilang server,1
1539,oracleas-web-cache-10g/10.1.2.0.2,1
1540,danoshop server,1
1541,avo,1
1542,nfm-ltm-server@l0nvbw1vbi9zy3jlzw5wbgf5b25saw5llmnvbq==,1
1543,vload.expert,1
1544,reed exhibitions,1
1545,kaazing gateway,1
1546,oracle9ias/9.0.2 oracle http server,1
1547,draper esprit,1
1548,wowzastreamingengine/4.7.4,1
1549,osu/3.10a;multinet,1
1550,sinergia/1.1,1
1551,sclws,1
1552,sap j2ee engine/7.00,1
1553,microsoft/iis 7.0 mod_fcgid/2.3.9,1
1554,present,1
1555,smartwebserver,1
1556,ourserver,1
1557,cloudleft 2.0,1
1558,ntv-web02,1
1559,web-02,1
1560,www.bbsmax.com,1
1561,ecs (fcn/40e8),1
1562,qiaonaocdn,1
1563,5lux_server,1
1564,ecacc (hkc/bd8c),1
1565,acturis web server 1.0,1
1566,zomatobook/2.0,1
1567,zws/4.0,1
1568,corelan web server - go away - you are not welcome here !,1
1569,www.cnb.com,1
1570,it's me 247,1
1571,exeter college,1
1572,wca system/v1.1.1,1
1573,cs,1
1574,iris/04.18.1,1
1575,ldlc.com,1
1576,daniel15-web (https://d.sb/),1
1577,7sobh ;),1
1578,cm,1
1579,ahnlab,1
1580,conferiumwebserver,1
1581,civetweb 1.9.1,1
1582,ecacc (sto/3adc),1
1583,selency,1
1584,figi_server,1
1585,hakase,1
1586,smthome,1
1587,jnp-httpd/1.0,1
1588,healthx/healthx/release18oct-12-c270ca7f3 7,1
1589,ecs (hhp/9a93),1
1590,tradesights vps 125,1
1591,csmserver/1.1,1
1592,ep: webserver 13.37,1
1593,151.35,1
1594,aeria games & entertainment,1
1595,ecd (sgb/c79d),1
1596,boss,1
1597,lucy-httpd/3.1.3,1
1598,bageio,1
1599,healthx/healthx/release18oct-12-c270ca7f3 2,1
1600,transcribeme,1
1601,api-gatewayssl/1.0,1
1602,secured by amigoserv.com,1
1603,ecd (sya/e093),1
1604,wongnai/41774,1
1605,allibo,1
1606,ardu1n0-uhttpd/r2d2,1
1607,joker.com http parking server,1
1608,varnish (hit: 419),1
1609,4d/16.2.0,1
1610,wisekey@2017,1
1611,www.info01.it,1
1612,aerishttpd,1
1613,destiny,1
1614,ksows,1
1615,icodiawebmelhttpd,1
1616,webstar/3.0.2 id/58205,1
1617,uhs,1
1618,abyss/2.11.2-x1-win32 abysslib/2.11.2,1
1619,gramex/1.43.0,1
1620,epic dental,1
1621,dnvrs-webs,1
1622,courcasa,1
1623,dwa-beweb2c04p.hr,1
1624,vieclam24h-http2,1
1625,wikittpd,1
1626,icreate,1
1627,squid/3.5.13,1
1628,hoqool.net,1
1629,wp dedicated,1
1630,oebb,1
1631,stern-freunde,1
1632,7eleven server,1
1633,ninjacat hybrid application server,1
1634,leapfile,1
1635,qs,1
1636,qibucloud,1
1637,powered by iisshield/1.0 (kodeit),1
1638,a toaster,1
1639,zebu io,1
1640,tbo,1
1641,ciwebserver,1
1642,http d/1.0 date :..,1
1643,ecs (hhp/9ab5),1
1644,amazons3amazons3,1
1645,aspectworks web server,1
1646,etws,1
1647,nj,1
1648,billogram.com,1
1649,imc web server,1
1650,the-job-auction,1
1651,ngp,1
1652,realmedia web server,1
1653,akl webserver v2.45,1
1654,ezbill,1
1655,servicenow,1
1656,moer,1
1657,theonering,1
1658,ecd (dca/53e8),1
1659,dou4la company limited,1
1660,cutelyst/1.9.0,1
1661,provantage/8.1.30,1
1662,cws3.0,1
1663,textio frontend,1
1664,ecs (hhp/9ac2),1
1665,tws/1.2.99.3,1
1666,powered by steam!,1
1667,nope.,1
1668,wow. such neutral.,1
1669,myweb/0,1
1670,investree-wfo-01,1
1671,alpha anywhere application server application server/12.0 build/5159-5132,1
1672,phodal/0.13.3,1
1673,ufficiostile server,1
1674,tvsquared,1
1675,web v2.3,1
1676,vg-web.51f,1
1677,vssc,1
1678,!!! tmb !!!,1
1679,server lnamp/1.6.2,1
1680,deny,1
1681,gzidc,1
1682,awh,1
1683,digitalproserver pw64 cl,1
1684,namviet telecom,1
1685,interactor,1
1686,www.gridservices.cz,1
1687,softfluent-ssb/version 1.0.17.20 - release - 64-bit - compiled 9/25/2018 1:31:01 pm,1
1688,dnionos/1.11.2.4_2_13,1
1689,happstack/7.0.2,1
1690,vico group,1
1691,your_new_server_name,1
1692,easternkun,1
1693,smsticket.cz,1
1694,doc88,1
1695,search click proxy,1
1696,enercity,1
1697,asp.net,1
1698,v/6.1.0-51161/6.0.0/v15fra1-www,1
1699,sparkles!,1
