0,Cloudflare,41341
1,Akamai,3371
2,Amazon CloudFront,3313
3,Sucuri,2108
4,Level3,1724
5,Incapsula,1643
6,Fastly,1498
7,DOSarrest,357
8,Netlify,286
9,Verizon Digital Media,203
10,Quantil,166
11,CacheFly,133
12,Azion,119
13,Stack Path,111
14,Myracloud,95
15,Fireblade,95
16,Airee,16
17,Limelight,13
18,CDNetworks,11
19,DN77,11
20,Highwinds,10
21,ChinaCache,8
22,Beluga,7
23,Instart Logic,6
24,ChinaNetCenter,6
25,Clever Cloud,3
26,Grey Wizard,3
27,BitGravity,2
28,NGENIX,2
29,Microsoft Azure,1
30,CDNsun,1
31,KeyCDN,1
